population2021,assault_rate2017,assault_rate2018,assault_rate2019,assault_rate2020,assault_rate2021,auto_theft_rate2017,auto_theft_rate2018,auto_theft_rate2019,auto_theft_rate2020,auto_theft_rate2021,break_and_enter_rate2017,break_and_enter_rate2018,break_and_enter_rate2019,break_and_enter_rate2020,break_and_enter_rate2021,robbery_rate2017,robbery_rate2018,robbery_rate2019,robbery_rate2020,robbery_rate2021,theft_over_rate2017,theft_over_rate2018,theft_over_rate2019,theft_over_rate2020,theft_over_rate2021,homicide_rate2017,homicide_rate2018,homicide_rate2019,homicide_rate2020,homicide_rate2021,shootings_rate2017,shootings_rate2018,shootings_rate2019,shootings_rate2020,shootings_rate2021,theftfrom_motor_vehicle_rate2017,theftfrom_motor_vehicle_rate2018,theftfrom_motor_vehicle_rate2019,theftfrom_motor_vehicle_rate2020,theftfrom_motor_vehicle_rate2021
14362,189.179,207.2846,253.8071,163.3175,382.955,15.13432,44.41812,43.50979,63.90684,97.47946,136.2088,177.6725,203.0457,191.7205,208.8846,7.567159,7.40302,29.00653,35.5038,34.81409,NA,22.20906,43.50979,21.30228,20.88846,NA,NA,NA,NA,NA,NA,NA,NA,NA,NA,52.97011,170.2695,159.5359,142.0152,160.1448266
30660,1211.097,1230.33,1279.861,1149.387,1105.675,313.988,312.6805,492.5118,617.6306,560.9915,362.2938,414.6416,371.8967,346.7979,375.0815,262.2317,319.478,281.4353,158.5362,130.4632,138.0167,129.1507,103.863,138.7192,107.6321,NA,NA,NA,3.302837,19.56947162,34.50417,27.18961,20.10252,39.63404,42.40052185,562.418,591.3741,539.4177,865.3433,665.3620352
18577,492.5531,395.8919,393.5901,551.0856,522.1511,158.3206,91.80102,168.6815,253.4994,322.98,246.2765,286.8782,219.2859,214.9234,86.12801,82.09218,183.602,67.47259,60.61942,69.979,64.501,34.42538,56.22716,49.59771,26.915,NA,NA,NA,NA,NA,NA,5.737564,11.24543,5.510856,10.76600097,187.6393,304.0909,416.081,484.9554,215.3200194
18100,1031.841,1086.558,1237.405,894.0775,917.1271,341.8371,390.6727,377.1139,501.1389,508.2873,392.4796,408.9855,530.3164,461.2756,364.6409,215.2307,286.9003,247.481,227.7904,93.92265,145.5973,122.0852,176.7721,102.5057,116.0221,6.330316,6.104261,5.892405,5.694761,5.524861878,44.31221,61.04261,100.1709,79.72665,49.72375691,487.4343,592.1133,506.7468,740.3189,624.3093923
27838,374.5318,323.2961,307.3277,383.0719,276.6003,129.9396,116.537,129.596,175.1186,247.8626,191.0877,146.611,236.9756,127.6906,107.7664,95.54384,97.74068,88.86585,72.96607,64.65982,22.93052,30.07406,14.81098,18.24152,25.14548,NA,NA,NA,NA,3.592212084,3.821754,3.759257,3.702744,NA,NA,217.84,296.9813,270.3003,353.8854,204.7560888
30375,418.8336,450.2802,365.6431,437.1038,391.7696,55.84447,106.5548,81.25402,123.4568,184.3621,188.4751,264.6685,226.8341,180.1802,49.38272,94.23755,58.4333,104.9531,60.06006,42.79836,27.92224,10.31176,10.15675,10.01001,16.46091,NA,6.874506,6.771168,3.33667,NA,6.980559,13.74901,6.771168,6.67334,13.16872428,268.7515,185.6117,203.1351,190.1902,190.9465021
23649,506.5991,434.3629,355.1628,376.6478,389.0228,48.88237,127.2376,90.95634,98.44205,131.0838,151.091,188.6627,251.2128,273.9257,164.9118,213.3049,57.03756,73.63132,25.68053,63.42763,35.55082,26.32503,38.98129,42.80089,29.59956,NA,NA,NA,NA,NA,NA,NA,8.662509,NA,NA,279.9627,429.9754,229.5565,256.8053,198.7399044
10982,521.3667,490.1961,688.642,511.5089,555.4544,204.8226,406.9552,477.4585,392.7658,400.6556,158.272,147.9837,128.5465,100.475,72.84647,214.1328,101.7388,91.81893,82.20679,54.63486,37.24048,18.49796,27.54568,45.67044,9.105809,NA,NA,NA,NA,NA,18.62024,9.248982,27.54568,9.134089,9.105809506,186.2024,323.7144,358.0938,502.3749,364.2323803
23812,441.4812,415.1943,516.0898,412.45,491.3489,40.54419,53.00353,65.05334,85.04124,67.19301,85.5933,106.0071,121.4329,174.3345,146.9847,40.54419,17.66784,56.37957,21.26031,58.79388,40.54419,17.66784,21.68445,12.75619,NA,18.01964,NA,NA,8.504125,NA,9.009821,13.25088,34.69512,38.26856,12.59868974,108.1179,132.5088,117.096,110.5536,142.7851503
18566,436.0221,436.8503,465.5493,309.3287,323.1714,50.31025,77.4165,49.29346,86.82911,80.79285,139.7507,99.5355,131.4492,179.085,123.8824,44.72022,55.2975,43.81641,48.84137,26.93095,NA,16.58925,43.81641,27.1341,21.54476,NA,NA,NA,5.426819,NA,11.18005,NA,5.477051,NA,5.386189809,106.2105,204.6008,454.5952,320.1823,312.3990089
16078,258.2097,286.477,288.2767,258.6098,298.5446,139.036,143.2385,102.4984,157.6889,199.0297,258.2097,221.3686,179.3722,309.0703,118.1739,46.34534,26.04336,64.0615,37.84534,18.65904,33.10381,39.06504,19.21845,37.84534,12.43936,6.620763,NA,NA,NA,NA,6.620763,NA,NA,NA,NA,225.1059,384.1396,307.4952,391.0685,230.1281254
52996,449.8742,483.1317,434.4953,433.1695,394.3694,204.6821,328.2818,346.3949,293.3121,322.6659,204.6821,245.6952,250.2853,192.304,222.6583,149.2474,72.26328,72.08218,67.98624,41.51257,70.35947,113.5566,70.07989,56.33146,71.70352,NA,2.064665,2.002283,NA,1.886934863,6.396316,6.193996,10.01141,7.769857,7.547739452,334.7405,371.6398,382.436,425.3997,317.005057
10435,873.6226,1111.002,1051.504,637.4964,939.1471,69.49271,127.8144,87.62535,67.61325,210.8289,287.8983,294.9562,389.446,386.3615,488.7398,347.4635,373.6112,253.1399,183.5217,124.5807,29.78259,49.15937,38.9446,19.31807,57.4988,9.927529,NA,NA,NA,NA,9.927529,NA,9.736151,NA,NA,158.8405,314.62,574.4329,579.5422,507.9060853
10886,647.4681,696.3655,640.241,567.1253,661.4,125.6281,133.5496,357.7817,195.2399,146.9778,115.9644,85.85329,131.8143,139.457,64.30277,57.98222,76.31403,47.07655,74.37709,55.11666,9.663703,19.07851,9.415309,46.48568,NA,NA,9.539254,9.415309,NA,9.186110601,19.32741,66.77478,65.90717,55.78282,36.7444424,164.283,448.3449,254.2133,316.1026,119.4194378
18369,854.6028,1012.673,972.5016,999.1168,658.7185,120.4474,113.1478,111.7818,126.9596,141.5428,183.5389,254.5825,223.5636,154.5595,119.767,126.183,62.23127,156.4945,93.8397,81.65932,22.94236,22.62955,11.17818,38.63988,32.66373,5.73559,NA,NA,5.519982,NA,28.67795,22.62955,33.53454,11.03996,10.88790898,263.8371,299.8416,312.989,496.7984,337.5251783
24635,944.0908,864.5287,1006.88,987.1138,1071.646,77.95245,59.62267,83.90669,66.08293,64.94824,251.1801,332.1835,373.3848,363.4561,251.6745,129.9207,140.5392,142.6414,66.08293,81.1853,43.30692,38.32886,100.688,53.69238,24.35559,NA,4.258762,4.195335,NA,NA,30.31484,25.55257,12.586,16.52073,20.29632636,359.4474,187.3855,226.5481,165.2073,202.9632636
30603,797.3172,987.5207,835.8129,698.09760000000006,731.9544,126.6126,131.8949,127.0436,129.0323,156.8474,318.2425,307.7547,441.3092,476.4268,447.6685,225.8495,114.9853,117.0138,115.7982,104.5649,85.54906,77.78416,70.20828,72.78743,68.62072,17.10981,NA,NA,NA,9.802960494,30.79766,13.52768,20.05951,9.925558,3.267653498,410.6355,554.6349,528.2338,456.5757,405.1890338
20631,245.5822,312.7606,351.467,254.1106,256.895,80.08115,119.8916,203.749,149.4768,300.5186,475.1482,422.2269,427.8729,249.1281,159.9535,10.67749,31.27606,56.03097,44.84305,9.69415,37.3712,31.27606,35.65607,19.93024,33.92952,10.67749,NA,NA,NA,NA,NA,5.212677,5.093725,4.982561,NA,165.501,140.7423,254.6862,298.9537,305.3657118
16722,618.8347,754.1661,719.7291,690.6492,705.6572,30.63538,72.98383,72.57772,84.07903,119.6029,165.431,249.3614,381.033,186.175,95.68233,110.2874,103.3937,84.674,162.1524,59.80146,12.25415,24.32794,18.14443,48.04516,59.80146,6.127076,6.081985,6.048143,NA,NA,18.38123,6.081985,12.09629,18.01694,5.980145916,238.9559,182.4595,296.359,348.3274,322.9278794
13657,933.642,921.3432,932.3308,757.9135,820.0923,648.1481,837.5847,1022.556,824.7882,981.1818,300.9259,426.4068,443.609,193.1936,300.2123,208.3333,258.8898,210.5263,193.1936,102.5115,138.8889,114.2161,165.4135,170.9021,212.3453,15.4321,22.84322,22.55639,NA,NA,69.44444,38.07203,60.15038,37.15262,21.96675697,648.1481,654.8389,533.8346,698.4693,644.3582046
16925,918.3925,645.4756,933.6224,500.1786,720.8271,357.4951,328.8272,403.5658,446.5881,336.7799,129.4379,267.9333,373.449,196.4987,177.2526,209.5661,164.4136,162.631,83.36311,106.3515,43.14596,60.89392,48.18697,59.54507,76.80946,6.163708,NA,NA,NA,5.908419498,36.98225,30.44696,24.09348,35.72705,29.54209749,141.7653,261.8439,234.9115,339.4069,259.9704579
14868,336.628,323.8297,339.4057,313.5224,242.1308,57.29838,70.39775,145.4596,68.15704,147.9688,164.7328,112.6364,200.8728,54.52563,33.62927,50.13609,42.23865,6.926647,20.44711,40.35513,28.64919,14.07955,20.77994,6.815703,13.45171,7.162298,NA,NA,NA,NA,NA,NA,6.926647,6.815703,NA,315.1411,204.1535,228.5793,272.6281,242.1307506
40804,2178.339,2246.91,2416.461,1952.697,2367.415,78.52489,202.7496,148.8689,78.92258,181.3548,578.7576,561.0332,821.4371,616.1053,624.9387,439.1577,522.1497,396.0975,353.8787,328.3992,87.24989,113.8731,108.9933,109.4733,112.734,2.908329,2.777392,2.658373,NA,NA,NA,2.777392,10.63349,5.091779,14.70444074,808.5156,641.5776,911.8218,651.7477,423.9780414
29881,862.1301,983.4803,991.5014,627.9435,746.2936,131.2708,160.9968,231.4655,174.0496,167.3304,361.8818,227.4955,224.5561,204.7642,187.4101,198.6802,94.49811,120.9148,102.3821,30.11947,24.83502,41.99916,48.36592,20.47642,50.19912,NA,3.49993,3.454709,3.412736,6.693216425,NA,20.99958,10.36413,6.825473,10.03982464,365.4297,489.9902,442.2027,371.9883,465.1785415
18107,712.4468,809.3367,782.2386,626.5876,535.7044,107.7651,134.8895,109.2833,107.2537,171.2045,215.5302,310.8322,264.5807,203.2176,171.2045,197.5693,87.97138,166.8009,129.8335,71.79544,41.90864,17.59428,17.25526,50.8044,16.56818,NA,5.864758,5.751754,NA,5.522726018,NA,5.864758,5.751754,11.28987,5.522726018,425.0733,381.2093,615.4377,496.7542,403.1589993
23808,538.6232,624.079,648.6533,540.3105,613.2393,52.54861,34.67106,34.36574,68.07063,71.40457,52.54861,60.67435,68.73148,46.79855,42.00269,87.58101,69.34212,55.84432,21.27207,16.80107,17.5162,4.333882,12.88715,8.508828,4.200269,NA,NA,NA,NA,4.200268817,21.89525,26.00329,38.66145,55.30738,33.60215054,70.06481,108.3471,73.02719,114.8692,142.8091398
15306,636.8564,624.2449,618.8448,587.8856,777.4729,88.07588,73.83541,106.4679,92.47639,150.2679,210.0271,214.7939,266.1698,270.8237,202.535,216.8022,134.2462,219.5901,79.26547,6.533386,20.3252,33.56155,39.92547,39.63274,26.13354,NA,NA,NA,6.605456,NA,13.55014,NA,6.654245,26.42182,NA,155.8266,241.6432,266.1698,297.2455,150.2678688
14457,649.9011,652.6316,558.1915,603.8731,629.4529,49.449,21.05263,55.81915,41.64642,69.17065,204.8601,133.3333,132.5705,104.1161,124.5072,98.89799,56.14035,83.72872,13.88214,27.66826,7.064142,7.017544,13.95479,NA,20.75119,NA,NA,NA,NA,NA,NA,NA,6.977393,6.94107,NA,155.4111,168.4211,223.2766,229.0553,276.6825759
15876,597.5302,884.4919,608.5324,665.6852,718.065,146.0629,248.9681,200.6862,230.4295,163.7692,305.4043,412.7629,278.3712,320.041,270.8491,112.8668,163.7948,97.10623,76.80983,56.68934,46.47457,39.31075,58.26374,38.40491,31.49408,NA,NA,NA,NA,NA,NA,NA,12.9475,NA,NA,312.0435,419.3147,336.6349,326.4418,226.7573696
12490,466.9001,486.6381,563.0355,501.1316,424.3395,50.02501,49.48862,24.4798,56.57937,56.04483,200.1001,65.98483,203.9984,202.0692,144.1153,41.68751,57.73672,40.79967,24.2483,80.06405,NA,8.248103,8.159935,48.4966,8.006405,8.337502,NA,NA,NA,8.006405124,8.337502,8.248103,NA,NA,8.006405124,100.05,131.9697,220.3182,258.6486,184.1473179
12479,215.9641,169.2907,240.285,187.1288,200.3366,164.1327,177.7552,231.9993,162.7207,184.3096,250.5183,186.2197,273.4278,97.63242,88.14809,51.83138,33.85814,115.9997,73.22431,16.02693,25.91569,50.7872,41.42845,32.54414,24.04039,NA,NA,NA,NA,NA,8.638562,8.464534,8.28569,8.136035,8.013462617,259.1569,313.1877,273.4278,292.8972,272.457729
12708,445.0198,434.2581,567.0927,246.325,424.9292,64.73016,88.45999,151.7572,103.2976,102.2978,226.5555,265.38,343.4505,270.1629,259.679,169.9167,152.7945,175.7189,111.2435,39.34529,24.27381,40.20909,39.9361,15.89193,NA,8.091269,NA,NA,NA,NA,8.091269,16.08364,15.97444,NA,7.869058861,307.4682,257.3382,415.3354,286.0548,251.8098835
13309,418.6458,356.0408,389.1051,481.9461,345.6308,72.45793,71.20817,93.38522,76.49939,120.2194,64.40705,126.5923,62.25681,107.0991,90.16455,40.25441,31.64807,85.60311,76.49939,22.54114,32.20353,23.73606,46.69261,53.54957,22.54114,NA,15.82404,15.5642,7.649939,NA,8.050881,23.73606,23.3463,45.89963,NA,120.7632,181.9764,147.8599,221.8482,135.2468255
13680,331.3503,291.3056,303.9964,301.7368,299.7076,82.83756,171.7956,200.1928,309.0963,241.2281,346.4116,313.7138,281.7528,331.1746,95.02924,67.77619,119.51,163.12,117.751,14.61988,22.59206,NA,22.24364,51.51604,14.61988,NA,NA,NA,NA,NA,NA,7.469376,7.414547,NA,7.30994152,293.6968,253.9588,237.2655,419.4878,277.7777778
33305,855.8573,909.3166,1039.208,841.6336,933.7937,157.3267,211.0359,254.4373,369.35,309.2629,132.1544,117.9318,110.3584,151.373,120.1021,160.4732,148.9665,144.079,148.3455,63.0536,22.02574,34.13817,36.78612,57.52172,21.01787,9.439602,6.206939,6.13102,3.027459,15.01276085,62.93068,74.48327,91.9653,102.9336,57.04849122,185.6455,248.2776,223.7822,417.7893,285.2424561
15594,498.2726,775.9074,795.2027,756.3026,660.5104,79.72363,124.9342,189.0236,187.4596,115.429,219.24,249.8685,312.8666,265.0291,243.6835,132.8727,124.9342,52.14444,135.7466,89.77812,53.14908,39.45292,26.07222,25.8565,44.88906,NA,NA,NA,12.92825,6.412722842,6.643635,NA,32.59027,19.39237,19.23816853,239.1709,433.9821,651.8055,633.4842,371.9379248
10783,427.9739,451.099,284.468,327.746,333.8589,48.6334,19.1957,28.4468,103.0059,120.5601,97.2668,153.5656,94.82269,28.09252,64.917,97.2668,47.98925,66.37588,28.09252,37.09543,38.90672,9.59785,9.482268,9.364173,NA,NA,9.59785,9.482268,NA,18.54771399,NA,NA,NA,9.364173,NA,389.0672,268.7398,265.5035,318.3819,306.0372809
18585,778.032,715.4124,649.4948,585.6595,672.5854,91.53318,101.397,138.7809,71.1549,107.6137,394.7368,354.8896,610.6362,470.717,263.6535,108.6957,78.86436,99.92228,109.4691,96.8523,34.32494,45.06535,11.10248,43.78763,43.04547,NA,NA,NA,10.94691,NA,17.16247,NA,5.551238,5.473454,5.380683347,389.016,360.5228,344.1768,175.1505,161.4205004
19254,432.7108,599.7731,666.2403,599.8422,529.7601,60.25086,64.84033,85.27876,89.45014,212.9428,175.2752,194.521,314.4654,178.9003,119.4557,60.25086,70.24369,69.28899,57.87951,41.54981,27.38675,16.21008,26.64961,26.30887,25.96863,NA,5.403361,5.329922,NA,NA,5.477351,10.80672,31.97953,21.04709,10.38745196,202.662,232.3445,207.867,220.9945,332.3984627
90863,1178.08,1143.316,1001.553,872.3578,1068.642,82.60098,80.29979,73.43116,77.44169,107.8547,349.3615,426.9909,405.6771,400.8746,387.3964,97.49624,147.8536,110.7486,93.38557,94.64799,70.41396,76.47599,90.28422,62.63666,56.12846,2.708229,1.2746,1.203789,3.416545,1.100557983,18.9576,21.6682,12.0379,10.24964,12.10613781,346.6533,290.6087,314.1891,395.1804,252.0277781
30106,1442.678,1468.201,1518.305,1135.866,1086.162,112.0527,93.27392,156.9484,185.3787,245.7982,304.6432,355.8227,262.7179,192.1197,235.8334,231.1086,179.6387,249.0703,121.3388,142.8287,35.01646,17.27295,13.64769,30.33469,13.28639,NA,6.909179,6.823843,6.741043,NA,10.50494,17.27295,27.29537,23.59365,16.60798512,385.181,269.458,194.4795,434.7973,468.3451804
37742,863.6169,883.3478,702.0238,675.9486,641.1955,920.6213,1411.679,1335.491,1085.288,1290.34,356.2776,475.2188,370.2079,298.9255,259.6577,350.5772,254.3818,197.4442,204.6697,143.0767,165.3128,142.5656,178.2482,150.8092,148.3758,NA,5.590809,5.484561,8.079067,2.64956812,31.35243,44.72647,52.10333,18.85116,15.89740872,632.749,1098.594,973.5096,1007.19,996.2376133
28625,369.4221,397.8156,389.9961,329.2268,314.4105,69.49525,126.5777,121.6501,173.4636,206.1135,153.6211,144.6602,135.96190000000001,53.1011,87.33624,58.52231,57.86409,28.62356,60.18125,34.9345,18.28822,14.46602,3.577945,21.24044,24.45415,NA,NA,NA,NA,NA,NA,3.616506,3.577945,3.540074,6.986899563,157.2787,227.8399,189.6311,247.8052,206.1135371
18664,1065.56,1214.575,1212.753,961.5907,980.4972,151.4217,160.8341,137.1893,173.8469,176.811,280.4105,266.2082,224.9904,173.8469,187.5268,314.0598,177.4721,137.1893,135.8179,150.0214,22.43284,110.9201,32.92542,48.89444,16.07372,NA,5.546004,5.487571,NA,10.71581655,22.43284,22.18402,10.97514,5.432716,10.71581655,420.6158,316.1222,373.1548,396.5883,342.9061294
23464,473.4765,439.3597,423.2713,424.5647,421.9229,162.2096,243.6054,172.7638,257.312,357.9952,170.9776,169.6537,116.6156,60.03946,72.45142,61.37659,78.30172,64.78642,30.01973,38.35663,26.30425,13.05029,8.638189,30.01973,34.09478,8.768085,NA,NA,NA,4.261847937,39.45638,8.700191,12.95728,8.577065,25.57108762,206.05,230.5551,177.0829,283.0432,400.6137061
14184,249.7062,298.0301,323.9274,235.378,190.3553,154.2303,50.88319,151.1661,114.1227,204.4557,279.0834,210.8018,151.1661,235.378,70.50198,36.7215,58.15221,43.19033,14.26534,14.1004,22.0329,14.53805,14.39678,14.26534,14.1004,NA,7.269027,7.198388,NA,NA,NA,21.80708,28.79355,7.132668,NA,51.41011,210.8018,165.5629,235.378,190.3553299
19229,321.2299,447.5274,469.8683,432.1844,483.6445,160.6149,223.7637,234.9342,229.4312,447.2411,309.7574,290.8928,240.3978,176.0751,176.8163,74.57121,61.53502,65.56302,85.36976,41.60383,28.68124,50.34683,21.85434,26.67805,36.40335,NA,NA,NA,NA,5.200478444,5.736248,NA,5.463585,16.00683,5.200478444,395.8011,363.616,371.5238,400.1707,384.8354049
12152,492.7386,613.8107,479.1124,663.9004,576.0369,216.1134,170.503,277.3809,190.8714,197.4984,112.379,264.2796,151.2986,190.8714,222.1857,190.1798,161.9778,92.46028,91.28631,57.60369,34.57815,25.57545,67.24384,24.89627,8.229098,8.644537,8.525149,8.40548,NA,24.68729427,25.93361,42.62575,NA,24.89627,16.45819618,181.5353,179.0281,235.3535,257.2614,279.7893351
20367,683.2426,680.3066,717.2593,590.3949,599.0082,51.37162,101.5383,140.4424,104.1873,211.1258,200.3493,131.9998,280.8848,124.0325,191.4862,113.0176,50.76915,70.2212,99.22604,58.91884,10.27432,30.46149,35.1106,49.61302,9.819806,10.27432,NA,NA,NA,4.909903275,25.68581,30.46149,25.079,19.84521,19.6396131,159.252,401.0763,250.79,386.9815,324.0536161
9869,469.3856,641.5563,512.9257,305.5923,405.3096,NA,93.12914,41.03406,81.49129,192.522,177.3235,289.7351,133.3607,152.7962,60.79643,62.58475,72.43378,123.1022,50.93206,81.06191,20.86158,NA,30.77554,40.74564,50.6637,NA,NA,NA,NA,NA,10.43079,10.34768,NA,10.18641,NA,219.0466,217.3013,359.048,285.2195,212.7875165
12600,294.5253,372.3449,455.6375,494.5679,365.0794,69.30007,152.3229,41.42159,162.1534,158.7302,233.8877,194.6348,281.6668,291.8761,277.7778,86.62508,50.77431,66.27454,24.32301,7.936508,60.63756,16.92477,16.56864,48.64602,31.74603,NA,NA,NA,NA,NA,NA,NA,NA,NA,NA,138.6001,186.1725,256.8138,235.1224,63.49206349
21842,2316.542,2287.09,1945.052,2023.967,1854.226,160.6551,130.4043,213.9557,273.6365,100.7234,554.519,1208.747,1351.811,825.6275,457.8335,518.2421,376.1661,247.9942,179.2791,132.7717,139.9254,125.3887,179.9173,127.3825,100.7234,5.182421,NA,NA,NA,9.156670635,46.64179,25.07774,14.58789,28.30723,32.04834722,2140.34,1399.338,1638.707,919.9849,421.2068492
10564,237.2357,332.7284,306.3544,116.2002,302.9156,226.9211,120.9921,296.472,174.3004,331.3139,319.7524,181.4882,247.06,203.3504,85.195,154.7189,161.3228,128.4712,38.73342,132.5256,61.88757,40.33071,39.5296,29.05006,28.39833,NA,NA,NA,NA,NA,NA,NA,NA,NA,NA,288.8087,272.2323,227.2952,145.2503,170.3900038
10883,391.1841,320.8152,429.9066,315.0482,248.0934,200.3626,254.765,289.7196,157.5241,192.9615,181.2804,207.5863,252.3364,277.9837,119.4524,162.1983,188.7149,186.9159,64.86286,55.13186,19.08215,18.87148,18.69159,27.79837,73.50914,NA,NA,NA,NA,NA,NA,NA,NA,NA,NA,209.9036,198.1506,336.4486,148.258,229.7160709
12736,175.5156,110.6665,222.9746,200.8032,125.6281,105.3093,195.7947,165.1664,305.2209,541.7714,587.9772,357.5381,289.0412,265.0602,196.294,43.87889,68.10249,123.8748,40.16064,15.70352,70.20623,17.02562,33.03328,56.2249,23.55528,NA,NA,NA,NA,NA,8.775779,NA,NA,NA,NA,149.1882,212.8203,247.7496,377.51,211.9974874
23757,386.3382,370.981,391.2587,372.5882,408.3007,83.98656,77.28772,104.9718,93.14704,130.4879,156.7749,113.3553,186.0865,146.3739,101.0229,67.18925,46.37263,28.62868,26.61344,33.67429,55.99104,25.76257,62.02882,26.61344,25.25571,5.599104,NA,NA,NA,NA,5.599104,15.45754,23.85724,13.30672,4.209285684,117.5812,123.6603,391.2587,177.4229,433.5564255
35687,864.0109,811.145,910.8596,804.4983,930.3107,77.14383,102.5239,85.4852,112.4567,106.4814,361.0331,521.6657,624.9263,588.2353,437.134,209.8312,147.755,114.9629,126.8743,151.3156,95.65835,138.7088,120.8584,95.15571,95.27279,NA,3.015409,2.947766,NA,NA,3.085753,6.030818,2.947766,NA,2.802140836,589.3788,660.3745,539.4411,406.5744,229.7755485
10871,653.9719,561.21,696.6673,466.0266,588.7223,57.7034,104.6324,84.7298,74.56426,73.59029,96.17234,85.60829,84.7298,93.20533,91.98785,86.55511,85.60829,141.2163,65.24373,18.39757,9.617234,9.512033,18.82885,18.64107,36.79514,NA,NA,NA,NA,NA,9.617234,38.04813,NA,18.64107,18.39757152,192.3447,190.2407,207.1173,177.0901,183.9757152
12505,330.924,314.5991,315.4051,186.6126,255.8976,217.7131,127.5402,157.7025,186.6126,159.936,269.9643,246.5777,190.9031,73.02232,127.9488,43.54263,42.51339,33.20053,16.22718,7.996801,52.25115,25.50804,41.50066,8.11359,39.984,8.708526,NA,NA,NA,15.99360256,26.12558,25.50804,58.10093,NA,39.9840064,200.2961,297.5938,116.2019,283.9756,263.8944422
16289,792.3323,639.0787,746.5027,752.8153,626.1895,134.1853,158.1878,94.09698,99.54582,110.504,306.7093,474.5634,595.9476,423.0697,411.3205,159.7444,158.1878,150.5552,149.3187,73.66935,76.67731,31.63756,62.73132,24.88646,49.1129,NA,NA,NA,NA,NA,19.16933,12.65502,18.8194,6.221614,12.27822457,389.7764,348.0132,288.5641,323.5239,263.9818282
8579,1964.685,1700.722,1649.013,1019.803,1153.981,111.9125,134.5895,180.5489,83.00723,128.2201,795.822,893.1849,1107.366,711.4906,373.0038,298.4332,281.4144,156.4757,154.1563,116.5637,49.73887,244.7082,96.29273,59.29088,58.28185,NA,12.23541,12.03659,NA,NA,12.43472,NA,12.03659,NA,NA,1604.079,991.0682,878.6711,687.7742,256.4401445
18644,323.4593,408.3916,413.9758,283.3942,241.3645,107.8198,139.8601,149.0313,136.2472,203.8189,170.2417,234.965,198.7084,98.09799,107.2731,141.8681,100.6993,93.83452,76.29844,48.2729,22.6989,44.75525,33.11806,43.59911,21.45462,NA,5.594406,5.519678,NA,5.363655868,NA,5.594406,5.519678,NA,NA,119.1692,206.993,264.9445,168.9465,305.7283845
14869,711.7187,619.5615,632.7808,489.696,659.0894,105.7008,111.3818,158.1952,163.232,174.8604,119.7942,146.1887,96.29273,149.6293,100.881,239.5885,69.61365,110.0488,129.2253,73.97942,35.2336,6.961364,34.39026,20.404,20.1762,NA,20.88409,20.63416,6.801333,6.725401843,7.04672,27.84546,27.51221,6.801333,13.45080369,126.841,215.8023,199.4635,278.8546,221.9382608
27478,740.7407,761.306,617.3071,480.5737,509.4985,165.0355,310.5825,224.4753,269.8606,171.0459,337.7471,249.9811,213.2515,262.4672,138.2924,134.3312,140.1409,142.1677,88.72131,61.86768,15.35214,56.81388,29.93004,18.4836,14.5571,3.838035,7.575184,7.48251,NA,10.91782517,26.86625,26.51314,29.93004,25.87705,18.19637528,226.4441,238.6183,291.8179,417.7295,331.1740301
18056,164.9762,142.9593,197.594,181.6221,188.3031,109.9841,107.2194,133.6665,210.0006,160.6114,256.6296,268.0486,308.0142,130.5409,88.6132,18.33068,29.78318,17.43476,45.40553,NA,24.44091,29.78318,58.11588,5.675691,11.07665,NA,NA,NA,NA,NA,NA,NA,11.62318,5.675691,11.07665042,226.0785,137.0026,185.9708,158.9193,132.9198051
41010,686.3862,690.9035,746.025,644.282,719.3367,82.88438,109.6268,92.93914,156.1145,107.2909,233.1123,359.4738,467.2076,389.0472,231.6508,181.3096,147.8687,123.0816,96.6423,82.90661,20.72109,33.14297,20.09495,29.73609,24.3843,5.180274,5.098919,5.023737,NA,NA,7.77041,7.648378,7.535606,12.39004,7.315288954,297.8657,616.9692,512.4212,537.7277,170.6900756
26537,488.7429,678.3405,644.9106,700.7467,783.8113,136.207,205.0797,233.1002,237.4115,342.9174,348.5298,212.9673,205.9052,122.5349,131.8913,184.2801,110.4275,77.70008,88.07199,67.82982,72.1096,35.49456,46.62005,34.46295,33.91491,NA,NA,NA,NA,NA,NA,NA,NA,19.14608,3.768323473,212.3227,240.5742,341.8803,382.9217,312.7708482
39218,642.6434,622.2775,633.4125,479.8186,670.6104,46.95111,50.91362,81.90679,71.18188,61.19639,258.2311,200.8259,404.0735,287.3639,234.5862,29.34444,33.94241,49.14407,55.36369,43.34744,35.21333,42.42801,49.14407,29.00003,58.64654,NA,NA,NA,2.636366,NA,8.803333,19.79974,2.730226,7.909098,22.94864603,363.8711,251.7395,270.2924,218.8184,226.9366107
7223,947.1077,761.6037,993.1896,729.3127,872.2137,174.8506,201.1783,184.4495,210.3787,249.2039,233.1342,359.247,156.0726,98.17672,96.91264,160.2798,201.1783,170.2611,56.10098,179.9806,29.14178,NA,42.56527,42.07574,NA,NA,NA,NA,NA,27.68932576,14.57089,NA,70.94211,NA,69.22331441,262.276,172.4386,113.5074,294.5302,179.9806175
24874,488.2227,462.924,409.7682,362.4221,402.0262,38.5439,84.168,111.755,73.29886,80.40524,231.2634,256.7124,277.3179,130.3091,152.77,158.4582,109.4184,66.22517,73.29886,48.24314,8.56531,16.8336,20.69536,16.28864,20.10131,NA,NA,NA,NA,NA,NA,NA,NA,NA,NA,197.0021,126.252,190.3974,187.3193,116.5876015
26999,337.9991,285.1006,383.9361,290.6318,296.3073,55.67043,78.10974,99.82339,154.752,92.59602,159.0584,175.7469,207.3255,188.722,107.4114,83.50565,46.86584,84.46594,37.7444,33.33457,35.78814,11.71646,49.91169,30.19552,14.81536,NA,7.810975,7.678722,NA,NA,19.8823,7.810975,15.35744,7.548879,7.407681766,210.7523,101.5427,218.8436,188.722,111.1152265
14240,517.5432,372.9951,467.358,251.022,280.8989,106.553,149.1981,197.1666,107.5809,196.6292,220.7169,223.7971,240.9814,100.4088,42.13483,136.9967,37.29951,102.2346,14.34412,14.04494,7.610929,22.37971,7.302468,14.34412,7.022472,NA,7.459903,7.302468,NA,7.02247191,7.610929,22.37971,7.302468,7.172058,NA,403.3792,156.658,321.3086,329.9146,168.5393258
20968,808.7076,890.9355,1139.278,1145.909,1292.446,71.20695,55.05781,103.5707,131.0998,95.38344,244.1381,355.3731,345.2357,296.1884,214.6127,188.1898,140.1472,162.754,189.3663,76.30676,40.68969,15.01577,73.97909,43.69993,14.30752,NA,NA,NA,NA,NA,5.086211,20.02102,9.863878,NA,4.769172072,274.6554,455.4782,488.262,373.8772,190.7668829
16026,1134.5,1106.445,1047.904,991.4204,1166.854,75.1777,99.98,52.06977,133.4604,131.0371,471.5692,433.2467,331.9448,228.7893,180.9559,252.8704,246.6173,208.2791,177.9473,143.5168,6.834336,26.66133,39.05233,25.42104,31.1993,NA,NA,NA,6.355259,NA,41.00602,33.32667,13.01744,50.84207,18.71958068,369.0541,393.2547,318.9274,292.3419,411.830775
24151,494.6676,588.73,565.9236,624.657,592.108,22.69117,137.2228,138.2409,223.6948,298.1243,326.7529,274.4456,436.3228,417.8449,264.9994,140.6853,119.5166,90.72058,92.85443,120.0778,45.38235,48.69196,60.48039,42.20656,33.12492,NA,NA,NA,NA,4.140615295,NA,NA,4.320028,4.220656,4.140615295,240.5264,314.2845,276.4818,215.2534,140.78092
22760,534.9048,566.0123,704.6022,509.1199,434.9736,45.33092,130.2727,169.4613,106.2511,127.4165,185.8568,85.35106,218.5159,141.6681,153.7786,108.7942,80.8589,187.2993,101.824,57.11775,22.66546,8.984323,8.919015,13.28139,35.14938,NA,8.984323,8.919015,8.854259,NA,4.533092,31.44513,66.89262,30.98991,13.18101933,281.0517,157.2256,222.9754,212.5022,246.0456942
30161,695.6881,715.9661,827.3673,585.9898,722.7877,244.524,303.4332,344.455,314.7603,301.7141,299.6281,340.9362,297.1768,267.8811,232.0878,117.096,119.3277,104.6873,97.10689,89.51958,37.88401,44.32171,47.27813,43.53067,49.7331,NA,3.409362,3.377009,3.348513,3.315539936,10.332,13.63745,10.13103,6.697027,13.26215974,461.4961,330.7081,297.1768,455.3978,474.1222108
25218,878.1882,778.1457,811.6155,614.8282,646.3637,126.0557,49.66887,110.1187,132.61,162.5823,235.304,186.2583,236.5512,92.42516,118.9626,155.4687,149.0066,146.8249,92.42516,67.41216,4.201857,24.83444,32.62776,32.14788,3.965421,4.201857,8.278146,8.15694,8.03697,11.89626457,42.01857,4.139073,24.47082,44.20333,27.75795067,222.6984,277.3179,256.9436,369.7006,198.2710762
10112,621.3078,565.828,712.2793,487.8049,652.6899,112.0391,333.4344,280.8989,418.1185,504.3513,122.2245,70.7285,100.321,139.3728,98.8924,203.7075,131.3529,150.4815,69.68641,69.22469,20.37075,10.10407,40.12841,19.9104,29.66772,20.37075,NA,NA,NA,NA,61.11224,30.31222,70.22472,NA,59.33544304,203.7075,191.9774,250.8026,338.4769,178.0063291
32003,240.5034,259.7656,259.4823,218.2301,193.7318,108.7207,139.624,134.5464,196.0908,149.9859,161.4338,224.0478,179.3952,53.76684,56.24473,72.48048,139.624,118.529,53.76684,18.74824,36.24024,12.98828,6.406971,15.81378,6.249414,NA,NA,NA,NA,NA,3.294567,NA,6.406971,6.325511,3.124707059,319.573,224.0478,217.837,189.7653,99.99062588
28102,440.1269,450.7455,453.4723,477.9975,555.1206,134.8136,146.396,217.3669,229.8767,138.7802,364.7899,358.2849,374.7704,299.2046,156.5725,130.8485,127.1333,108.6834,65.67905,64.05238,51.54639,38.52525,56.21557,29.19069,21.35079,NA,NA,NA,7.297672,3.55846559,15.86043,19.26263,7.495409,3.648836,17.79232795,329.1039,277.3818,217.3669,240.8232,306.0280407
25575,454.6613,403.1755,463.754,410.5385,347.9961,152.9702,166.2579,93.5644,123.5601,132.9423,195.46190000000001,216.1353,130.1766,135.5176,89.93157,97.73094,41.56449,61.02026,95.65945,27.37048,42.49171,29.09514,28.47612,31.88648,35.19062,NA,NA,NA,3.985811,3.910068426,16.99669,33.25159,48.81621,43.84391,15.6402737,216.7077,228.6047,256.2851,275.0209,242.4242424
20112,300.8143,184.3979,228.2179,210.801,203.8584,150.4071,138.2984,207.9318,250.9536,318.218,93.35616,169.0314,101.4302,60.22887,74.58234,93.35616,56.3438,55.78659,95.36237,24.86078,10.37291,20.48866,20.28603,25.09536,9.944312,NA,5.122164,5.071508,NA,NA,15.55936,15.36649,10.14302,20.07629,4.972155927,150.4071,215.1309,182.5743,185.7057,169.0533015
49360,382.2182,345.3348,412.8854,395.7213,364.6678,52.12066,68.21428,83.83459,68.0146,72.93355,160.7054,162.0089,180.2444,98.93031,62.80389,84.69607,83.13615,125.7519,55.6483,30.38898,13.03016,19.18527,4.19173,10.30524,14.18152,2.171694,NA,NA,4.122097,NA,23.88864,14.92187,18.86278,18.54943,10.12965964,128.13,142.8236,121.5602,148.3955,109.4003241
31917,381.6006,258.4326,239.5406,266.1451,272.582,55.0055,93.9755,144.3806,160.3284,103.3932,220.022,285.2828,265.7916,134.6758,72.06191,34.37844,23.49388,42.65792,22.44597,9.39938,17.18922,26.85014,52.50205,25.65254,28.19814,NA,NA,NA,NA,NA,3.437844,NA,6.562757,6.413134,6.266253094,202.8328,214.8011,190.3199,163.5349,128.4581884
18010,336.0134,400.424,340.8631,340.3676,294.2809,144.0058,223.7663,144.4335,260.9485,238.7562,228.0091,188.4348,127.1015,153.1654,99.94447,84.00336,58.88588,103.9921,45.38235,49.97224,30.0012,17.66576,28.88671,39.70955,5.552471,NA,NA,NA,NA,NA,NA,NA,NA,NA,5.55247085,180.0072,229.6549,179.0976,329.022,188.7840089
13478,166.4157,233.5721,275.8409,279.414,200.3265,118.8684,194.6434,107.2715,211.4484,237.424,182.2648,179.0719,199.2184,324.7244,126.1315,47.54735,62.28589,38.31124,90.62075,14.839,55.47191,54.50016,53.63574,37.75865,29.67799,NA,NA,NA,NA,NA,NA,NA,7.662248,NA,NA,134.7175,155.7147,413.7614,354.9313,348.7164268
13576,1068.559,1133.843,1399.763,1127.104,1340.601,76.93623,73.94627,189.7983,83.77122,66.29346,247.9056,230.0551,521.9454,213.2359,235.7101,145.324,271.1363,150.257,121.8491,117.855,17.09694,41.08126,39.54132,38.07783,44.19564,25.64541,NA,NA,7.615566,7.365939894,68.38776,82.16251,47.44958,53.30896,14.73187979,324.8419,591.5701,474.4958,319.8538,162.0506777
33211,851.2673,801.0303,844.5737,665.2426,575.1107,108.4011,169.63,173.2459,170.888,270.9945,197.6726,163.3474,160.8712,94.59872,81.29836,264.6262,150.7822,133.0281,67.13457,168.6188,63.76534,40.83684,27.84309,21.361,21.07735,NA,3.141295,3.093677,3.051572,NA,19.1296,6.282591,6.187353,27.46414,24.08840444,347.5211,248.1623,269.1499,210.5584,201.7403872
24421,680.7997,844.5085,866.8705,599.6196,581.4668,56.01517,101.8503,108.8823,82.70615,118.7503,357.6353,297.0633,238.7035,190.2241,167.8883,60.32403,89.119,129.8212,86.84145,49.13804,21.54429,33.95009,29.31446,20.67654,16.37934,4.308859,NA,NA,NA,NA,NA,4.243762,8.37556,NA,4.094836411,249.9138,415.8886,389.4635,363.907,278.448876
12201,644.4406,738.1639,962.7459,844.7905,754.0366,51.55525,118.785,108.8321,149.0807,131.1368,68.74033,195.1468,200.9209,240.1855,188.5091,85.92542,212.1161,41.85852,33.12904,49.1763,8.592542,16.96929,25.11511,24.84678,8.19605,NA,8.484643,8.371704,NA,NA,17.18508,33.93857,25.11511,33.12904,32.78419802,94.51796,220.6007,200.9209,298.1613,139.3328416
39602,1107.793,1134.397,1138.917,928.6575,1080.754,228.0749,290.2564,423.1754,397.6296,444.422,157.4803,229.0097,305.6267,228.3164,229.7864,171.0562,186.4032,161.956,141.0944,101.005,57.01873,37.28064,36.57071,61.56845,60.603,5.430356,7.988709,7.836581,5.130705,NA,32.58213,26.62903,31.34632,25.65352,25.25124994,304.0999,476.6597,498.929,600.2925,429.2712489
8482,265.9253,300.2642,310.1515,367.6035,400.8488,108.7876,192.1691,119.289,130.4399,117.8967,120.8751,120.1057,178.9336,154.1563,70.73804,24.17503,12.01057,47.71561,11.85818,NA,NA,24.02114,11.9289,23.71635,11.78967,NA,NA,NA,NA,NA,12.08751,NA,35.78671,NA,NA,84.61259,288.2537,202.7914,189.7308,82.52770573
33975,2819.529,2562.042,2855.956,1573.651,1468.727,84.48027,144.0102,175.702,82.34218,123.6203,633.6021,569.3426,642.111,692.2842,441.5011,429.4414,425.3324,376.9607,243.9768,220.7505,168.9605,177.5009,233.2045,128.0878,108.9036,NA,13.3963,12.77833,3.04971,2.943340692,10.56003,20.09444,19.16749,15.24855,8.830022075,369.6012,499.012,667.6677,521.5004,247.2406181
23410,1062.558,898.6104,952.0084,1210.894,905.5959,150.5291,241.0906,334.7244,357.6661,281.9308,115.1105,131.504,165.1887,107.7308,119.607,234.6483,135.8874,213.0064,112.04,64.07518,75.26453,35.06773,39.12363,68.94769,38.44511,NA,NA,NA,12.92769,NA,53.12791,65.75198,26.08242,77.56615,55.53182401,203.657,254.241,286.9066,383.5215,281.9307988
59066,311.2188,363.2599,308.1992,238.5232,297.9718,46.58964,74.46828,118.6744,131.3606,193.0044,177.0406,138.0388,157.6421,131.3606,104.9673,98.77003,121.6921,77.93542,67.40874,72.79992,33.54454,25.42819,49.59527,29.3833,32.1674,NA,NA,NA,1.728429,NA,1.863586,3.632599,3.542519,5.185287,1.693021366,122.9966,125.32470000000001,246.2051,288.6477,260.7252904
19999,416.5047,501.8888,561.8273,429.2065,410.0205,72.19415,59.36319,126.0173,224.8224,160.008,161.0485,188.8829,105.0144,117.5208,80.004,116.6213,161.8996,120.7666,127.74,150.0075,22.21358,32.37992,42.00578,45.98641,45.00225,5.553396,NA,NA,NA,NA,NA,NA,5.250722,5.109601,NA,255.4562,199.6762,283.539,378.1105,350.0175009
51666,403.1595,394.8807,375.3694,297.3026,303.8749,65.82195,123.5268,175.7048,124.0402,212.906,146.0424,164.0274,117.8021,74.81788,90.96892,88.44825,68.851,75.87254,78.75566,40.64569,22.6263,32.40047,25.95639,19.68892,23.22611,8.227744,NA,NA,1.968892,5.806526536,12.34162,6.075088,9.983228,9.844458,17.41957961,269.4586,216.6781,173.7082,253.987,162.582743
36234,801.5101,736.5163,787.0004,581.4604,585.0858,145.2011,223.5341,243.4605,240.4115,209.7478,98.73675,77.3772,99.08278,50.31868,44.15742,206.1856,177.681,167.0253,86.65996,135.2321,2.904022,8.597466,25.47843,22.36386,8.279516,NA,8.597466,8.492809,5.590965,NA,17.42413,42.98733,33.97124,44.72772,24.83854943,194.5695,226.3999,311.403,268.3663,229.0666225
12828,850.9942,881.5204,1126.918,1098.38,943.2491,57.27845,137.4848,175.8312,118.5302,38.97724,474.5929,331.5811,887.1483,561.0431,545.6813,368.2186,274.9697,135.8696,126.4322,85.74992,57.27845,40.43672,31.96931,23.70605,54.56813,NA,NA,NA,7.902015,7.795447459,8.182636,24.26203,NA,7.902015,15.59089492,842.8115,873.4331,607.4169,410.9048,389.7723729
18262,246.4466,221.1637,320.009,228.1326,257.365,57.31316,73.72122,95.44128,105.72,202.6065,120.3576,204.1511,280.7096,211.44,180.7031,51.58184,45.36691,72.9845,89.02737,38.33096,22.92526,51.03777,16.84258,22.25684,16.42756,NA,NA,NA,NA,NA,NA,NA,5.614192,NA,NA,171.9395,181.4676,303.1664,294.9032,142.3721389
37857,410.4861,390.4969,412.4184,421.1048,586.4173,34.20717,53.65606,34.3682,68.80797,73.96254,189.6943,268.2803,340.818,434.8664,245.6613,40.42665,74.52231,68.7364,49.54174,55.47191,9.329228,23.84714,20.04811,30.27551,21.13215,NA,5.961785,5.728033,5.504638,2.641519402,NA,2.980892,2.864017,NA,2.641519402,90.18254,74.52231,117.4247,178.9007,103.0192567
8364,732.6462,762.5139,815.5812,675.7572,561.9321,74.50639,110.6875,85.20998,84.46965,59.78001,211.1015,332.0625,219.1114,325.8115,322.812,173.8483,172.1805,109.5557,48.26837,155.428,24.83546,12.29861,48.69142,60.33546,11.956,NA,NA,NA,NA,NA,12.41773,24.59722,24.34571,24.13419,11.95600191,211.1015,122.9861,267.8028,313.7444,143.472023
11141,796.8492,719.1625,534.1783,441.6404,448.7928,228.9797,527.9927,461.7474,396.575,368.01,119.0694,163.8598,126.7542,162.2352,260.2998,293.094,200.2731,208.239,126.183,89.75855,9.159186,27.30997,27.16161,9.013069,17.95171,9.159186,18.20665,18.10774,NA,NA,18.31837,27.30997,45.26935,9.013069,17.9517099,174.0246,327.7196,416.4781,387.562,493.6720223
23324,761.956,818.8015,817.9512,636.0332,788.887,112.0524,141.6305,87.48141,121.1492,167.2097,282.3719,349.6504,271.1924,263.9322,300.1201,170.3196,141.6305,118.0999,112.4957,128.6229,40.33885,35.40763,39.36663,21.63378,38.58686,NA,NA,NA,NA,8.574858515,8.964188,8.851908,8.748141,8.653513,8.574858515,295.8182,424.8916,293.0627,480.27,351.5691991
12689,824.2444,860.938,897.5499,717.7606,906.2968,108.2341,98.39291,185.9788,159.5023,118.2126,216.4682,172.1876,202.1509,326.9798,141.8551,199.8168,163.9882,137.4626,87.7263,118.2126,8.325702,8.199409,8.086036,39.87559,47.28505,NA,NA,NA,NA,NA,24.9771,8.199409,16.17207,31.90047,23.64252502,166.514,303.3781,331.5275,319.0047,189.1402002
15108,522.3008,563.9736,599.0845,340.1814,469.9497,123.7028,156.2818,87.50673,106.7236,66.1901,254.2781,312.5637,343.2956,320.1707,211.8083,82.46856,135.8973,94.23802,40.02134,59.57109,48.10666,67.94863,87.50673,26.6809,NA,NA,NA,NA,6.670224,6.619009796,NA,6.794863,NA,NA,19.85702939,536.0457,448.461,363.4895,266.809,145.6182155
38952,444.2372,383.1935,422.0193,397.3129,369.6858,120.657,53.97091,82.28049,115.0116,128.3631,180.9855,210.4865,180.4863,125.4672,94.9887,126.1414,62.06655,95.55154,23.52511,64.18156,27.42205,18.88982,13.27105,5.227801,12.83631,NA,2.698545,2.65421,2.613901,2.567262272,24.67985,8.095636,2.65421,15.6834,10.26904909,287.9315,151.1185,276.0378,224.7955,189.9774081
12568,484.1549,634.5396,676.8614,447.9557,453.5328,413.7324,574.5155,610.0109,480.5343,525.1432,272.8873,205.7966,192.1952,162.893,95.48058,202.4648,162.9223,75.20682,57.01254,31.82686,52.8169,34.29943,58.49419,81.44649,15.91343,NA,8.574859,8.356313,NA,15.91343094,17.60563,25.72458,25.06894,48.86789,15.91343094,308.0986,428.7429,250.6894,390.9431,381.9223425
8279,999.8766,698.872,1010.962,944.653,748.8827,86.40909,122.6091,133.9829,84.77655,96.63003,185.1623,294.2619,426.3094,605.5468,507.3076,111.0974,85.82639,133.9829,96.88749,157.0238,37.032470000000004,24.52182,73.0816,84.77655,24.15751,NA,NA,NA,NA,NA,24.68831,NA,12.18027,12.11094,12.07875347,320.948,257.4792,852.6188,375.439,410.6776181
24531,437.1159,328.0784,399.1093,397.3839,240.512,164.4594,221.5594,180.6495,285.6197,224.2061,168.7873,281.2101,176.4483,86.92773,89.68244,95.21336,72.43289,163.8449,62.09123,24.45885,17.31152,17.04303,12.60345,16.55766,12.22942,NA,4.260758,4.201151,NA,8.152949329,17.31152,25.56455,21.00576,28.97591,16.30589866,173.1152,293.9923,155.4426,182.1343,220.1296319
58833,724.3007,690.1055,752.587,600.5955,618.7004,85.84305,104.1336,106.2681,168.6486,180.171,152.0137,174.7326,174.21,111.8587,93.48495,223.5496,134.1382,116.7207,94.64971,52.69152,42.92152,24.70966,13.9368,25.81356,22.09644,NA,NA,NA,3.441808,3.3994526879999998,12.51878,21.17971,26.13149,25.81356,32.29480054,205.6656,262.9814,280.478,247.8102,237.9616882
8345,404.0157,486.9734,399.0809,373.0894,347.5135,12.2429,24.34867,96.74689,48.14057,107.849,122.429,170.4407,120.9336,144.4217,131.8155,73.4574,73.04602,36.28008,72.21085,23.96645,NA,36.52301,60.4668,12.03514,NA,12.2429,12.17434,12.09336,NA,NA,NA,12.17434,NA,NA,NA,208.1293,413.9274,423.2676,457.3354,383.4631516
25464,254.4083,251.4705,277.7548,282.2694,278.825,92.11334,38.3599,157.5325,112.9078,161.0116,175.454,213.1106,153.3869,120.9726,113.8863,35.0908,21.31106,62.1839,72.58357,15.70845,30.70445,29.83548,49.74712,48.38905,35.34401,NA,NA,NA,4.032421,NA,NA,4.262211,4.145593,4.032421,11.78133836,131.5905,127.8663,211.4253,233.8804,176.7200754
26646,213.2721,164.4077,223.6785,196.0407,153.8692,192.7652,200.4972,247.2236,303.671,382.7967,496.2677,405.0044,353.1766,242.168,116.3402,65.62218,52.12928,54.93859,65.34692,37.52908,49.21664,28.06961,70.63532,34.59542,15.01163,NA,NA,NA,NA,NA,NA,NA,11.77255,NA,7.505817008,356.8206,296.7359,466.978,426.6769,187.6454252
23965,475.5934,565.4316,628.637,547.3454,580.0125,216.1788,227.0293,161.4068,261.0416,196.1193,159.9723,102.8057,182.6445,155.7829,146.0463,203.2081,81.38788,38.22792,58.94489,66.76403,43.23576,64.25359,38.22792,16.8414,20.86376,NA,4.283573,4.247547,8.420698,4.1727519300000004,4.323576,21.41786,25.48528,21.05174,50.07302316,250.7674,321.2679,301.5758,277.883,175.2555811
11376,263.9326,313.1728,406.5041,420.3985,386.7792,40.60501,88.07986,103.9894,146.2256,342.827,690.2853,518.6925,501.0399,274.1729,167.0183,10.15125,NA,122.8966,73.11278,43.95218,50.75627,39.1466,28.36075,54.83458,8.790436,NA,NA,NA,NA,NA,10.15125,19.5733,28.36075,27.41729,NA,121.815,185.9464,236.3396,356.4248,105.4852321
29803,446.0335,439.7599,492.7296,333.2653,409.3548,99.11855,94.23426,75.80457,119.0233,110.7271,113.2783,202.4292,117.1525,102.02,104.0164,67.25902,122.1555,117.1525,78.21533,60.3966,35.39948,38.39174,48.23927,20.404,36.90903,NA,NA,NA,6.801333,NA,3.539948,3.490158,10.33699,NA,10.06610073,134.518,174.5079,237.7507,187.0367,211.3881153
20395,962.3519,839.3782,981.7386,1033.089,1014.955,227.3689,290.1554,239.0762,389.2798,289.2866,396.5736,196.8912,295.0303,119.7784,176.5139,243.2318,217.6166,137.3417,134.7507,122.5791,15.86294,41.45078,20.34691,49.90767,24.51581,5.287648,10.36269,10.17346,14.9723,4.90316254,42.30119,41.45078,76.30093,24.95383,34.32213778,438.8748,378.2383,361.1577,449.169,343.2213778
16865,138.8188,86.98354,159.0895,168.8273,195.6715,100.9591,198.8195,165.2083,180.8863,355.7664,296.5674,223.672,348.7732,349.7136,154.1654,31.54972,31.065550000000002,91.78242,72.35454,53.36496,12.61989,12.42622,48.95062,72.35454,11.85888,NA,NA,NA,NA,NA,NA,NA,NA,NA,NA,208.2282,167.754,336.5355,301.4772,160.094871
18994,617.9532,526.6835,533.4471,465.8056,652.8378,119.2541,257.9674,192.041,296.4218,247.4466,173.4605,177.3526,266.7236,174.6771,131.6205,102.9922,107.4864,101.355,84.69193,78.97231,37.94449,59.11753,64.01366,47.63921,26.3241,NA,NA,NA,NA,15.79446141,37.94449,16.12296,37.3413,NA,26.32410235,173.4605,247.2188,266.7236,317.5948,247.4465621
11737,617.0531,518.7477,523.1424,588.0318,826.4463,121.5408,100.1092,97.53503,207.5406,349.3227,252.4308,354.9326,257.1378,294.0159,127.801,121.5408,91.00837,266.0046,138.3604,8.520064,28.04787,27.30251,17.73364,34.59011,25.56019,NA,NA,NA,NA,8.520064752,28.04787,NA,NA,NA,25.56019426,402.0194,145.6134,390.1401,363.1961,332.2825253
48174,605.5704,584.3414,708.9783,492.1343,475.3601,122.4258,131.5307,163.9379,138.8071,130.7759,74.32994,137.9994,93.67881,52.57845,68.50168,137.729,109.9683,91.54974,50.47531,83.03234,15.30322,34.49986,19.16158,12.61883,6.227426,4.372349,2.156241,2.129064,2.103138,6.227425582,21.86175,23.71865,27.67783,31.54707,20.75808527,203.3142,146.6244,170.3251,193.4887,103.7904264
12994,660.9705,858.9152,628.9308,614.4035,631.0605,72.54554,127.2467,31.44654,147.7679,153.9172,201.5154,365.8343,345.912,435.5265,223.1799,72.54554,143.1525,227.9874,147.7679,30.78344,24.18185,55.67043,55.03145,31.10904,23.08758,NA,7.952919,7.861635,7.777259,NA,24.18185,15.90584,NA,23.33178,15.39171926,266.0003,318.1168,283.0189,334.4221,184.7006311
11019,189.6633,299.4012,258.9955,274.0477,299.4827,75.86534,121.6317,231.246,164.4286,108.9028,94.83167,65.49401,138.7476,91.34923,90.75233,18.96634,56.13773,36.99935,18.26985,9.075233,18.96634,37.42515,27.74951,18.26985,27.2257,NA,NA,NA,NA,NA,9.483168,18.71257,NA,9.134923,18.15046737,56.89901,308.7575,166.4971,283.1826,172.4294401
11297,211.106,209.3383,135.6116,376.8168,221.2977,82.6067,172.9316,81.36697,260.183,194.742,119.3208,227.5416,226.0193,107.6619,79.66717,82.6067,36.40666,117.5301,143.5493,61.96335,9.178522,18.20333,27.12232,62.8028,NA,NA,NA,NA,NA,NA,NA,9.101665,18.08155,NA,NA,284.5342,200.2366,162.7339,143.5493,203.5938745
27319,167.3152,118.6648,177.1913,144.9221,186.6833,120.6226,91.86954,116.8709,111.4786,157.3996,167.3152,237.3297,248.8219,92.89881,62.22775,19.45525,34.45108,30.16023,22.29572,25.62319,23.3463,11.48369,18.85014,3.715953,7.320912,NA,NA,NA,NA,NA,NA,3.827898,NA,7.431905,3.660456093,120.6226,156.9438,150.8011,78.035,102.4927706
16023,223.7725,136.4434,243.9807,272.9985,255.8822,177.7017,253.3948,115.5698,146.0225,268.3642,190.8648,84.46495,147.6725,120.6273,124.8206,39.48927,12.99461,44.94382,76.18564,49.92823,39.48927,25.98921,25.68218,6.348803,6.241028,NA,NA,NA,NA,NA,NA,NA,NA,NA,NA,250.0987,253.3948,359.5506,292.045,168.5077701
13484,537.7639,519.1536,710.6442,697.8685,496.8852,16.05265,94.39157,92.69273,136.5395,207.6535,192.6318,196.6491,316.7001,257.9079,229.9021,96.31592,235.9789,92.69273,75.85527,29.66479,32.1053,39.32982,69.51955,53.09869,14.83239,NA,7.865964,7.724394,NA,NA,NA,NA,7.724394,7.585527,NA,200.6582,180.9172,347.5977,333.7632,163.1563334
19075,861.9743,711.0677,970.0933,556.7634,429.882,65.88338,65.13597,42.87705,169.6803,167.7589,87.84451,103.132,91.11373,95.44514,83.87943,104.3154,75.99197,91.11373,37.11756,31.45478,10.98056,10.856,21.43852,10.60502,5.242464,NA,5.427998,5.359631,5.3025080000000004,NA,5.490282,10.856,10.71926,37.11756,15.72739187,197.6502,184.5519,182.2275,143.1677,110.0917431
24517,1998.819,2442.04,2746.497,3162.518,2569.646,95.39817,234.0473,189.1172,167.329,203.9401,604.1884,600.5741,1010.058,845.0115,628.1356,422.4776,697.7258,597.4383,548.0025,367.0922,90.8554,158.9755,107.4529,62.74838,69.33965,18.17108,13.24796,12.89435,8.36645,4.078802464,36.34216,39.74387,12.89435,20.91613,12.23640739,785.8992,1064.253,954.1821,702.7819,513.9291104
18062,529.3552,499.9118,483.2863,450.9329,581.331,102.2618,70.57578,63.2875,152.1898,38.7554,240.616,329.3536,333.6977,304.3797,221.4594,78.2002,70.57578,51.78068,50.72995,55.36485,12.0308,64.69447,51.78068,33.81997,38.7554,NA,NA,NA,NA,NA,NA,5.881315,11.50682,NA,5.536485439,264.6776,182.3208,235.8898,236.7398,143.9486214
13589,588.73,688.2469,666.6168,519.1338,566.6348,38.22922,90.75783,59.9206,81.57816,88.30672,229.3753,181.5157,247.1725,252.1507,235.4846,129.9794,181.5157,74.90076,51.91338,66.23004,22.93753,52.94207,29.9603,29.66479,14.71779,NA,NA,NA,NA,NA,NA,NA,14.98015,NA,NA,290.5421,605.0522,501.8351,400.4746,250.2023696
18054,473.7653,471.3413,463.9175,321.2715,470.8098,65.14272,75.64737,154.6392,219.8174,232.6354,331.6357,372.4178,303.551,214.181,149.5513,100.6751,34.91417,63.00114,84.54515,44.31151,41.45446,23.27611,51.54639,56.36343,44.31151,NA,NA,NA,NA,NA,NA,NA,NA,5.636343,NA,219.1164,197.847,320.7331,253.6354,182.7849784
29625,298.3894,261.7801,351.4021,294.8639,219.4093,222.8933,318.3812,302.6929,240.0055,256.5401,406.241,424.5083,459.2582,205.719,300.4219,111.4466,70.75138,135.6899,116.5741,57.38396,71.90106,63.67624,80.02227,41.1438,27.00422,NA,3.537569,3.479229,NA,3.375527426,NA,7.075138,3.479229,3.42865,13.5021097,269.629,275.9304,302.6929,288.0066,232.9113924
17053,328.7271,277.6269,304.8963,243.2368,152.4658,103.4882,78.45978,143.4806,172.0456,82.09699,66.96293,199.1671,71.7403,112.7195,99.6892,36.52523,60.35367,101.6321,59.32606,46.91257,24.35015,30.17684,23.91343,35.59563,35.18443,NA,NA,NA,5.932606,NA,6.087539,6.035367,NA,11.86521,NA,158.276,175.0257,275.0045,278.8325,410.4849587
16404,357.7107,479.6474,438.6523,536.2599,359.6684,86.11552,136.1161,57.21551,162.1251,79.24896,251.7223,194.4516,311.5067,280.6011,195.0744,112.6126,129.6344,69.93007,118.476,30.48037,26.49709,19.44516,NA,6.23558,12.19215,NA,6.481721,6.357279,6.23558,NA,NA,6.481721,6.357279,12.47116,12.19214826,185.4796,278.714,241.5766,212.0097,85.3450378
19155,215.8846,200.5795,174.959,161.0565,266.249,22.72469,228.4377,169.4915,230.8477,443.7484,159.0728,189.4361,246.0361,209.3735,219.2639,68.17407,44.57321,10.93494,37.57986,15.66171,22.72469,16.71495,38.27228,37.57986,15.66171,NA,NA,NA,NA,NA,NA,NA,NA,NA,5.220569042,255.6528,161.5779,251.5036,230.8477,208.8227617
15608,516.8132,603.0883,530.2783,563.1797,442.081,93.96604,251.8391,137.4795,252.4599,192.2091,208.0677,218.7024,320.7856,297.7732,256.2788,154.3728,165.6836,196.3993,64.7333,102.5115,26.84744,26.50938,39.27987,51.78664,25.62788,6.71186,NA,NA,NA,6.406970784,33.5593,13.25469,13.09329,6.47333,NA,234.9151,218.7024,229.1326,427.2398,390.8252178
39901,943.2915,1317.997,853.6166,738.2741,937.3199,110.9755,59.53992,163.8521,134.2317,137.8412,160.9144,135.318,211.4221,136.813,135.335,63.8109,78.48444,44.92719,28.39516,32.58064,38.84142,32.47632,50.21274,49.04618,32.58064,2.774387,2.70636,2.642776,2.581378,NA,2.774387,2.70636,7.928328,5.162756,7.518608556,216.4022,151.5562,245.7782,193.6033,137.8411569
